study_name,site_oid,site_name,subject_id,event_oid,event_name,event_order,event_repeat,crf_parent_name,crf_version,crf_status,item_group_oid,item_group_repeat,i_eatin_lvalone,i_eatin_lvalone_label,i_eatin_adult,i_eatin_adult_label,i_eatin_children,i_eatin_children_label,i_eatin_dinner,i_eatin_dinner_label,i_eatin_dairy,i_eatin_dairy_label,i_eatin_fruits,i_eatin_fruits_label,i_eatin_veggie,i_eatin_veggie_label,i_eatin_meat,i_eatin_meat_label,i_eatin_sweets,i_eatin_sweets_label,i_eatin_sugartsp,i_eatin_cookfat,i_eatin_cookfat_label,i_eatin_cookfat_1,i_eatin_cookfat_1_label,i_eatin_cookfat_2,i_eatin_cookfat_2_label,i_eatin_cookfat_3,i_eatin_cookfat_3_label,i_eatin_cookfat_4,i_eatin_cookfat_4_label,i_eatin_cookfat_5,i_eatin_cookfat_5_label,i_eatin_cookfat_6,i_eatin_cookfat_6_label,i_eatin_cookfat_7,i_eatin_cookfat_7_label,i_eatin_cookfat_8,i_eatin_cookfat_8_label,i_eatin_othercook,i_eatin_vitsupp,i_eatin_vitsupp_label
The JUNO Diabetes Study,S_101,Site A,101-001,SE_1WEEKFU,1-Week F/U,2,1,Eating Habits Questionnaire,V1.0,data entry complete,IG_EATIN_HABITS,1,0,No,2,2,2,2,0,0-1 day/week,6,6-7 days/week,2,2-3 days/week,2,2-3 days/week,2,2-3 days/week,2,2-3 days/week,2,,,,,,,,,,,,,6,Lard,,,,,,1,Yes
The JUNO Diabetes Study,S_101,Site A,101-001,SE_2WEEKFU,2-Week F/U,3,1,Eating Habits Questionnaire,V1.0,data entry complete,IG_EATIN_HABITS,1,1,Yes,,,,,,,6,6-7 days/week,6,6-7 days/week,0,0-1 day/week,6,6-7 days/week,0,0-1 day/week,5,,,1,Real butter,2,Regular margarine,,,,,5,Vegetable shortening,,,,,,,,0,No
The JUNO Diabetes Study,S_101,Site A,101-001,SE_MONTHLYFU,Monthly F/U,4,1,Eating Habits Questionnaire,V1.0,data entry complete,IG_EATIN_HABITS,1,1,Yes,,,,,,,6,6-7 days/week,0,0-1 day/week,0,0-1 day/week,0,0-1 day/week,6,6-7 days/week,5,,,1,Real butter,,,3,Reduced-fat margarine,,,,,,,,,,,,0,No
The JUNO Diabetes Study,S_101,Site A,101-001,SE_MONTHLYFU,Monthly F/U,4,2,Eating Habits Questionnaire,V1.0,data entry complete,IG_EATIN_HABITS,1,1,Yes,,,,,,,2,2-3 days/week,2,2-3 days/week,2,2-3 days/week,0,0-1 day/week,6,6-7 days/week,4,,,1,Real butter,,,,,,,,,,,,,,,,0,No
The JUNO Diabetes Study,S_102,Site B,102-001,SE_1WEEKFU,1-Week F/U,2,1,Eating Habits Questionnaire,V1.0,data entry complete,IG_EATIN_HABITS,1,0,No,2,2,2,2,0,0-1 day/week,6,6-7 days/week,2,2-3 days/week,2,2-3 days/week,2,2-3 days/week,2,2-3 days/week,2,,,,,,,,,,,,,6,Lard,,,,,,1,Yes
The JUNO Diabetes Study,S_102,Site B,102-001,SE_2WEEKFU,2-Week F/U,3,1,Eating Habits Questionnaire,V1.0,data entry complete,IG_EATIN_HABITS,1,1,Yes,,,,,,,6,6-7 days/week,6,6-7 days/week,0,0-1 day/week,6,6-7 days/week,0,0-1 day/week,5,,,1,Real butter,2,Regular margarine,,,,,5,Vegetable shortening,,,,,,,,0,No
The JUNO Diabetes Study,S_102,Site B,102-001,SE_MONTHLYFU,Monthly F/U,4,1,Eating Habits Questionnaire,V1.0,data entry complete,IG_EATIN_HABITS,1,1,Yes,,,,,,,6,6-7 days/week,0,0-1 day/week,0,0-1 day/week,0,0-1 day/week,6,6-7 days/week,5,,,1,Real butter,,,3,Reduced-fat margarine,,,,,,,,,,,,0,No
The JUNO Diabetes Study,S_102,Site B,102-001,SE_MONTHLYFU,Monthly F/U,4,2,Eating Habits Questionnaire,V1.0,data entry complete,IG_EATIN_HABITS,1,1,Yes,,,,,,,2,2-3 days/week,2,2-3 days/week,2,2-3 days/week,0,0-1 day/week,6,6-7 days/week,4,,,1,Real butter,,,,,,,,,,,,,,,,0,No
The JUNO Diabetes Study,S_102,Site B,102-004,SE_1WEEKFU,1-Week F/U,2,1,Eating Habits Questionnaire,V1.0,data entry complete,IG_EATIN_HABITS,1,0,No,0,None,6,6 or more,0,0-1 day/week,6,6-7 days/week,0,0-1 day/week,0,0-1 day/week,2,2-3 days/week,2,2-3 days/week,3,,,1,Real butter,2,Regular margarine,,,,,,,,,,,,,,0,No
The JUNO Diabetes Study,S_102,Site B,102-004,SE_2WEEKFU,2-Week F/U,3,1,Eating Habits Questionnaire,V1.0,data entry complete,IG_EATIN_HABITS,1,1,Yes,,,,,,,2,2-3 days/week,0,0-1 day/week,2,2-3 days/week,6,6-7 days/week,2,2-3 days/week,4,,,1,Real butter,,,3,Reduced-fat margarine,,,,,,,,,,,,1,Yes
The JUNO Diabetes Study,S_102,Site B,102-004,SE_MONTHLYFU,Monthly F/U,4,1,Eating Habits Questionnaire,V1.0,data entry complete,IG_EATIN_HABITS,1,0,No,2,2,0,None,0,0-1 day/week,6,6-7 days/week,0,0-1 day/week,0,0-1 day/week,6,6-7 days/week,6,6-7 days/week,5,,,,,2,Regular margarine,,,,,5,Vegetable shortening,,,,,,,,0,No
The JUNO Diabetes Study,S_102,Site B,102-004,SE_MONTHLYFU,Monthly F/U,4,2,Eating Habits Questionnaire,V1.0,data entry complete,IG_EATIN_HABITS,1,1,Yes,,,,,,,6,6-7 days/week,0,0-1 day/week,6,6-7 days/week,0,0-1 day/week,,,5,,,1,Real butter,2,Regular margarine,,,,,,,6,Lard,,,,,,0,No
The JUNO Diabetes Study,S_102,Site B,102-004,SE_MONTHLYFU,Monthly F/U,4,3,Eating Habits Questionnaire,V1.0,data entry complete,IG_EATIN_HABITS,1,1,Yes,,,,,,,0,0-1 day/week,0,0-1 day/week,2,2-3 days/week,2,2-3 days/week,2,2-3 days/week,23,,,,,2,Regular margarine,,,,,,,,,,,,,,1,Yes
The JUNO Diabetes Study,S_103,Site C,103-001,SE_1WEEKFU,1-Week F/U,2,1,Eating Habits Questionnaire,V1.0,data entry complete,IG_EATIN_HABITS,1,0,No,2,2,2,2,0,0-1 day/week,6,6-7 days/week,2,2-3 days/week,2,2-3 days/week,2,2-3 days/week,2,2-3 days/week,2,,,,,,,,,,,,,6,Lard,,,,,,1,Yes
The JUNO Diabetes Study,S_103,Site C,103-001,SE_2WEEKFU,2-Week F/U,3,1,Eating Habits Questionnaire,V1.0,data entry complete,IG_EATIN_HABITS,1,1,Yes,,,,,,,6,6-7 days/week,6,6-7 days/week,0,0-1 day/week,6,6-7 days/week,0,0-1 day/week,5,,,1,Real butter,2,Regular margarine,,,,,5,Vegetable shortening,,,,,,,,0,No
The JUNO Diabetes Study,S_103,Site C,103-001,SE_MONTHLYFU,Monthly F/U,4,1,Eating Habits Questionnaire,V1.0,data entry complete,IG_EATIN_HABITS,1,1,Yes,,,,,,,6,6-7 days/week,0,0-1 day/week,0,0-1 day/week,0,0-1 day/week,6,6-7 days/week,5,,,1,Real butter,,,3,Reduced-fat margarine,,,,,,,,,,,,0,No
The JUNO Diabetes Study,S_103,Site C,103-001,SE_MONTHLYFU,Monthly F/U,4,2,Eating Habits Questionnaire,V1.0,data entry complete,IG_EATIN_HABITS,1,1,Yes,,,,,,,2,2-3 days/week,2,2-3 days/week,2,2-3 days/week,0,0-1 day/week,6,6-7 days/week,4,,,1,Real butter,,,,,,,,,,,,,,,,0,No
The JUNO Diabetes Study,S_103,Site C,103-004,SE_1WEEKFU,1-Week F/U,2,1,Eating Habits Questionnaire,V1.0,data entry complete,IG_EATIN_HABITS,1,0,No,0,None,6,6 or more,0,0-1 day/week,6,6-7 days/week,0,0-1 day/week,0,0-1 day/week,2,2-3 days/week,2,2-3 days/week,3,,,1,Real butter,2,Regular margarine,,,,,,,,,,,,,,0,No
The JUNO Diabetes Study,S_103,Site C,103-004,SE_2WEEKFU,2-Week F/U,3,1,Eating Habits Questionnaire,V1.0,data entry complete,IG_EATIN_HABITS,1,1,Yes,,,,,,,2,2-3 days/week,0,0-1 day/week,2,2-3 days/week,6,6-7 days/week,2,2-3 days/week,4,,,1,Real butter,,,3,Reduced-fat margarine,,,,,,,,,,,,1,Yes
The JUNO Diabetes Study,S_103,Site C,103-004,SE_MONTHLYFU,Monthly F/U,4,1,Eating Habits Questionnaire,V1.0,data entry complete,IG_EATIN_HABITS,1,0,No,2,2,0,None,0,0-1 day/week,6,6-7 days/week,0,0-1 day/week,0,0-1 day/week,6,6-7 days/week,6,6-7 days/week,5,,,,,2,Regular margarine,,,,,5,Vegetable shortening,,,,,,,,0,No
The JUNO Diabetes Study,S_103,Site C,103-004,SE_MONTHLYFU,Monthly F/U,4,2,Eating Habits Questionnaire,V1.0,data entry complete,IG_EATIN_HABITS,1,1,Yes,,,,,,,6,6-7 days/week,0,0-1 day/week,6,6-7 days/week,0,0-1 day/week,,,5,,,1,Real butter,2,Regular margarine,,,,,,,6,Lard,,,,,,0,No
The JUNO Diabetes Study,S_103,Site C,103-004,SE_MONTHLYFU,Monthly F/U,4,3,Eating Habits Questionnaire,V1.0,data entry complete,IG_EATIN_HABITS,1,1,Yes,,,,,,,0,0-1 day/week,0,0-1 day/week,2,2-3 days/week,2,2-3 days/week,2,2-3 days/week,23,,,,,2,Regular margarine,,,,,,,,,,,,,,1,Yes
The JUNO Diabetes Study,S_104,Site D, 104-005,SE_1WEEKFU,1-Week F/U,2,1,Eating Habits Questionnaire,V1.0,data entry complete,IG_EATIN_HABITS,1,0,No,0,None,6,6 or more,0,0-1 day/week,6,6-7 days/week,0,0-1 day/week,0,0-1 day/week,2,2-3 days/week,2,2-3 days/week,3,,,1,Real butter,2,Regular margarine,,,,,,,,,,,,,,0,No
The JUNO Diabetes Study,S_104,Site D, 104-005,SE_2WEEKFU,2-Week F/U,3,1,Eating Habits Questionnaire,V1.0,data entry complete,IG_EATIN_HABITS,1,1,Yes,,,,,,,2,2-3 days/week,0,0-1 day/week,2,2-3 days/week,6,6-7 days/week,2,2-3 days/week,4,,,1,Real butter,,,3,Reduced-fat margarine,,,,,,,,,,,,1,Yes
The JUNO Diabetes Study,S_104,Site D, 104-005,SE_MONTHLYFU,Monthly F/U,4,1,Eating Habits Questionnaire,V1.0,data entry complete,IG_EATIN_HABITS,1,0,No,2,2,0,None,0,0-1 day/week,6,6-7 days/week,0,0-1 day/week,0,0-1 day/week,6,6-7 days/week,6,6-7 days/week,5,,,,,2,Regular margarine,,,,,5,Vegetable shortening,,,,,,,,0,No
The JUNO Diabetes Study,S_104,Site D, 104-005,SE_MONTHLYFU,Monthly F/U,4,2,Eating Habits Questionnaire,V1.0,data entry complete,IG_EATIN_HABITS,1,1,Yes,,,,,,,6,6-7 days/week,0,0-1 day/week,6,6-7 days/week,0,0-1 day/week,,,5,,,1,Real butter,2,Regular margarine,,,,,,,6,Lard,,,,,,0,No
The JUNO Diabetes Study,S_104,Site D, 104-005,SE_MONTHLYFU,Monthly F/U,4,3,Eating Habits Questionnaire,V1.0,data entry complete,IG_EATIN_HABITS,1,1,Yes,,,,,,,0,0-1 day/week,0,0-1 day/week,2,2-3 days/week,2,2-3 days/week,2,2-3 days/week,23,,,,,2,Regular margarine,,,,,,,,,,,,,,1,Yes
The JUNO Diabetes Study,S_104,Site D,104-001,SE_1WEEKFU,1-Week F/U,2,1,Eating Habits Questionnaire,V1.0,data entry complete,IG_EATIN_HABITS,1,0,No,2,2,2,2,0,0-1 day/week,6,6-7 days/week,2,2-3 days/week,2,2-3 days/week,2,2-3 days/week,2,2-3 days/week,2,,,,,,,,,,,,,6,Lard,,,,,,1,Yes
The JUNO Diabetes Study,S_104,Site D,104-001,SE_2WEEKFU,2-Week F/U,3,1,Eating Habits Questionnaire,V1.0,data entry complete,IG_EATIN_HABITS,1,1,Yes,,,,,,,6,6-7 days/week,6,6-7 days/week,0,0-1 day/week,6,6-7 days/week,0,0-1 day/week,5,,,1,Real butter,2,Regular margarine,,,,,5,Vegetable shortening,,,,,,,,0,No
The JUNO Diabetes Study,S_104,Site D,104-001,SE_MONTHLYFU,Monthly F/U,4,1,Eating Habits Questionnaire,V1.0,data entry complete,IG_EATIN_HABITS,1,1,Yes,,,,,,,6,6-7 days/week,0,0-1 day/week,0,0-1 day/week,0,0-1 day/week,6,6-7 days/week,5,,,1,Real butter,,,3,Reduced-fat margarine,,,,,,,,,,,,0,No
The JUNO Diabetes Study,S_104,Site D,104-001,SE_MONTHLYFU,Monthly F/U,4,2,Eating Habits Questionnaire,V1.0,data entry complete,IG_EATIN_HABITS,1,1,Yes,,,,,,,2,2-3 days/week,2,2-3 days/week,2,2-3 days/week,0,0-1 day/week,6,6-7 days/week,4,,,1,Real butter,,,,,,,,,,,,,,,,0,No
The JUNO Diabetes Study,S_105,Site E,105-001,SE_1WEEKFU,1-Week F/U,2,1,Eating Habits Questionnaire,V1.0,data entry complete,IG_EATIN_HABITS,1,0,No,0,None,6,6 or more,0,0-1 day/week,6,6-7 days/week,0,0-1 day/week,0,0-1 day/week,2,2-3 days/week,2,2-3 days/week,3,,,1,Real butter,2,Regular margarine,,,,,,,,,,,,,,0,No
The JUNO Diabetes Study,S_105,Site E,105-001,SE_2WEEKFU,2-Week F/U,3,1,Eating Habits Questionnaire,V1.0,data entry complete,IG_EATIN_HABITS,1,1,Yes,,,,,,,2,2-3 days/week,0,0-1 day/week,2,2-3 days/week,6,6-7 days/week,2,2-3 days/week,4,,,1,Real butter,,,3,Reduced-fat margarine,,,,,,,,,,,,1,Yes
The JUNO Diabetes Study,S_105,Site E,105-001,SE_MONTHLYFU,Monthly F/U,4,1,Eating Habits Questionnaire,V1.0,data entry complete,IG_EATIN_HABITS,1,0,No,2,2,0,None,0,0-1 day/week,6,6-7 days/week,0,0-1 day/week,0,0-1 day/week,6,6-7 days/week,6,6-7 days/week,5,,,,,2,Regular margarine,,,,,5,Vegetable shortening,,,,,,,,0,No
The JUNO Diabetes Study,S_105,Site E,105-001,SE_MONTHLYFU,Monthly F/U,4,2,Eating Habits Questionnaire,V1.0,data entry complete,IG_EATIN_HABITS,1,1,Yes,,,,,,,6,6-7 days/week,0,0-1 day/week,6,6-7 days/week,0,0-1 day/week,,,5,,,1,Real butter,2,Regular margarine,,,,,,,6,Lard,,,,,,0,No
The JUNO Diabetes Study,S_105,Site E,105-001,SE_MONTHLYFU,Monthly F/U,4,3,Eating Habits Questionnaire,V1.0,data entry complete,IG_EATIN_HABITS,1,1,Yes,,,,,,,0,0-1 day/week,0,0-1 day/week,2,2-3 days/week,2,2-3 days/week,2,2-3 days/week,23,,,,,2,Regular margarine,,,,,,,,,,,,,,1,Yes
