study_name,site_oid,site_name,subject_person_id,subject_oid,subject_id,study_subject_id,subject_secondary_label,subject_date_of_birth,subject_sex,subject_enrol_date,person_id,subject_owned_by_user,subject_last_updated_by_user
The JUNO Diabetes Study,S_104,Site D, 104-003,SS_104003, 104-003,32,"",1950-01-13,f,2015-08-21, 104-003,crc_D,crc_D
The JUNO Diabetes Study,S_104,Site D, 104-005,SS_104005, 104-005,34,"",1952-03-15,f,2015-08-21, 104-005,crc_D,crc_D
The JUNO Diabetes Study,S_104,Site D, 104-006,SS_104006, 104-006,35,"",1974-04-16,m,2015-08-21, 104-006,crc_D,crc_D
The JUNO Diabetes Study,S_101,Site A,101-001,SS_101001,101-001,1,"",1980-08-02,m,2015-08-21,101-001,crc_A,investigator_A
The JUNO Diabetes Study,S_101,Site A,101-002,SS_101002,101-002,2,"",1982-07-05,f,2015-08-21,101-002,crc_A,crc_A
The JUNO Diabetes Study,S_101,Site A,101-003,SS_101003,101-003,3,"",1953-05-31,m,2015-08-21,101-003,crc_A,crc_A
The JUNO Diabetes Study,S_101,Site A,101-004,SS_101004,101-004,4,"",1958-04-28,m,2015-08-21,101-004,crc_A,crc_A
The JUNO Diabetes Study,S_102,Site B,102-001,SS_102001,102-001,12,"",1977-03-12,m,2015-08-21,102-001,crc_B,crc_B
The JUNO Diabetes Study,S_102,Site B,102-002,SS_102002,102-002,13,"",1964-04-14,f,2015-08-21,102-002,crc_B,dataspecialist
The JUNO Diabetes Study,S_102,Site B,102-003,SS_102003,102-003,14,"",1959-05-14,m,2015-08-21,102-003,crc_B,crc_B
The JUNO Diabetes Study,S_102,Site B,102-004,SS_102004,102-004,15,"",1970-09-17,f,2015-08-21,102-004,crc_B,crc_B
The JUNO Diabetes Study,S_102,Site B,102-005,SS_102005,102-005,16,"",1968-10-13,m,2015-08-21,102-005,crc_B,crc_B
The JUNO Diabetes Study,S_103,Site C,103-001,SS_103001,103-001,20,"",1954-01-01,m,2015-08-21,103-001,crc_C,crc_C
The JUNO Diabetes Study,S_103,Site C,103-002,SS_103002,103-002,21,"",1957-02-02,f,2015-08-21,103-002,crc_C,crc_C
The JUNO Diabetes Study,S_103,Site C,103-003,SS_103003,103-003,22,"",1949-03-03,f,2015-08-21,103-003,crc_C,crc_C
The JUNO Diabetes Study,S_103,Site C,103-004,SS_103004,103-004,23,"",1950-04-04,m,2015-08-21,103-004,crc_C,crc_C
The JUNO Diabetes Study,S_104,Site D,104-001,SS_104001,104-001,30,"",1948-11-11,m,2015-08-21,104-001,crc_D,crc_D
The JUNO Diabetes Study,S_104,Site D,104-002,SS_104002,104-002,31,"",1949-12-12,f,2015-08-21,104-002,crc_D,crc_D
The JUNO Diabetes Study,S_104,Site D,104-004,SS_104004,104-004,33,"",1951-02-14,m,2015-08-21,104-004,crc_D,crc_D
The JUNO Diabetes Study,S_105,Site E,105-001,SS_105001,105-001,41,"",1950-01-01,m,2015-08-21,105-001,crc_E,crc_E
The JUNO Diabetes Study,S_105,Site E,105-002,SS_105002,105-002,42,"",1980-08-15,f,2015-08-21,105-002,crc_E,crc_E
The JUNO Diabetes Study,S_105,Site E,105-003,SS_105003,105-003,43,"",1979-09-21,f,2015-08-21,105-003,crc_E,crc_E
